City_ID,City,Country,Date,Lat,Lng,Max Temp,Humidity,Cloudiness,Wind Speed
0,Maarianhamina,AX,2021-10-21 19:11:04,60.0973,19.9348,46.26,93,20,8.05
1,Kruisfontein,ZA,2021-10-21 19:06:21,-34.0033,24.7314,64.89,66,100,8.37
2,Isangel,VU,2021-10-21 19:06:15,-19.55,169.2667,74.34,87,99,2.1
3,Washougal,US,2021-10-21 19:11:05,45.5826,-122.3534,68.94,54,75,19.57
4,Gigmoto,PH,2021-10-21 19:11:05,13.7796,124.39,80.29,85,100,9.42
5,Ushuaia,AR,2021-10-21 19:11:06,-54.8,-68.3,47.82,75,75,29.93
6,New Norfolk,AU,2021-10-21 19:11:06,-42.7826,147.0587,58.5,70,100,2.8
7,Bluff,NZ,2021-10-21 19:11:07,-46.6,168.3333,41.85,85,10,5.68
8,Ahipara,NZ,2021-10-21 19:11:07,-35.1667,173.1667,60.31,94,100,10.02
9,Rikitea,PF,2021-10-21 19:11:07,-23.1203,-134.9692,74.43,77,100,21.61
10,Tiksi,RU,2021-10-21 19:11:08,71.6872,128.8694,12.18,95,100,12.28
11,Butaritari,KI,2021-10-21 19:10:51,3.0707,172.7902,82.31,76,32,17.38
12,Castro,BR,2021-10-21 19:09:14,-24.7911,-50.0119,68.32,50,97,3.65
13,Busselton,AU,2021-10-21 19:11:08,-33.65,115.3333,50.09,84,40,6.31
14,Saint Anthony,US,2021-10-21 19:11:09,45.0205,-93.218,50.83,55,1,3.0
15,Mar Del Plata,AR,2021-10-21 19:06:21,-38.0023,-57.5575,78.82,90,0,18.01
16,Punta Arenas,CL,2021-10-21 19:11:09,-53.15,-70.9167,51.12,57,100,23.96
17,Albany,US,2021-10-21 19:10:45,42.6001,-73.9662,72.75,55,100,1.99
18,Port Alfred,ZA,2021-10-21 19:11:10,-33.5906,26.891,70.29,81,100,12.19
19,Lons,FR,2021-10-21 19:11:11,43.3167,-0.4,55.62,88,75,5.75
20,Sinazongwe,ZM,2021-10-21 19:11:11,-17.2614,27.4618,77.85,61,88,10.6
21,Gorin,RU,2021-10-21 19:11:11,51.1983,136.6669,27.9,98,98,1.1
22,Mahebourg,MU,2021-10-21 19:11:12,-20.4081,57.7,74.25,82,5,9.75
23,Hermanus,ZA,2021-10-21 19:11:12,-34.4187,19.2345,66.79,79,100,2.48
24,Saint-Philippe,RE,2021-10-21 19:11:13,-21.3585,55.7679,71.22,75,0,6.02
25,Avarua,CK,2021-10-21 19:11:13,-21.2078,-159.775,73.45,68,40,8.05
26,Kapaa,US,2021-10-21 19:11:13,22.0752,-159.319,80.58,85,40,1.01
27,Safranbolu,TR,2021-10-21 19:09:55,41.2508,32.6942,51.84,46,0,1.92
28,Lompoc,US,2021-10-21 19:11:14,34.6391,-120.4579,78.01,70,1,9.22
29,Georgetown,MY,2021-10-21 19:11:14,5.4112,100.3354,79.9,87,20,0.0
30,Khatanga,RU,2021-10-21 19:11:15,71.9667,102.5,4.5,97,94,5.06
31,Sukumo,JP,2021-10-21 19:11:15,32.9333,132.7333,54.91,94,100,4.07
32,Panguna,PG,2021-10-21 19:11:16,-6.3164,155.4848,67.42,96,35,1.79
33,Mount Gambier,AU,2021-10-21 19:11:16,-37.8333,140.7667,42.71,93,90,0.0
34,Znamenskoye,RU,2021-10-21 19:11:16,57.1281,73.8282,39.81,78,55,9.24
35,Mataura,NZ,2021-10-21 19:11:17,-46.1927,168.8643,39.43,91,23,2.53
36,Wichian Buri,TH,2021-10-21 19:11:17,15.6578,101.106,76.28,91,100,2.26
37,Puerto Ayora,EC,2021-10-21 19:06:38,-0.7393,-90.3518,80.56,82,99,10.83
38,Linxia,CN,2021-10-21 19:11:18,35.6003,103.2064,43.23,76,100,2.04
39,Bundibugyo,UG,2021-10-21 19:11:18,0.7414,30.0417,66.27,97,100,3.4
40,Saint George,US,2021-10-21 19:06:26,37.1041,-113.5841,79.27,28,1,1.01
41,Togul,RU,2021-10-21 19:11:19,53.465,85.9128,45.54,53,100,4.74
42,Hobart,AU,2021-10-21 19:11:19,-42.8794,147.3294,58.86,82,75,9.22
43,Oussouye,SN,2021-10-21 19:11:20,12.485,-16.5469,81.95,79,100,8.66
44,Shetpe,KZ,2021-10-21 19:11:20,44.1667,52.1167,43.21,64,27,9.24
45,Rassvet,RU,2021-10-21 19:11:21,46.8333,40.75,47.71,62,71,2.24
46,Nishihara,JP,2021-10-21 19:11:21,26.1842,127.7558,70.88,89,75,6.91
47,Salamiyah,SY,2021-10-21 19:10:37,35.0113,37.0532,68.11,37,0,7.83
48,Vaini,TO,2021-10-21 19:11:22,-21.2,-175.2,73.56,94,40,8.05
49,Saskylakh,RU,2021-10-21 19:06:58,71.9167,114.0833,7.79,97,94,6.44
50,Kaitangata,NZ,2021-10-21 19:11:22,-46.2817,169.8464,41.32,90,32,1.95
51,El Reno,US,2021-10-21 19:07:41,35.5323,-97.955,70.81,35,1,0.0
52,Bethel,US,2021-10-21 19:11:23,41.3712,-73.414,75.88,50,1,13.8
53,Cidreira,BR,2021-10-21 19:11:23,-30.1811,-50.2056,68.2,70,12,13.0
54,Sokolo,ML,2021-10-21 19:11:24,14.7328,-6.1219,90.09,24,30,2.57
55,Bredasdorp,ZA,2021-10-21 19:11:24,-34.5322,20.0403,66.27,85,100,7.16
56,Kalmunai,LK,2021-10-21 19:11:24,7.4167,81.8167,79.88,81,22,6.76
57,Fortuna,US,2021-10-21 19:06:41,40.5982,-124.1573,73.74,65,90,5.99
58,Iwanai,JP,2021-10-21 19:11:25,42.9744,140.5089,39.65,92,95,3.09
59,Nikolskoye,RU,2021-10-21 19:11:25,59.7035,30.7861,55.87,89,100,13.58
60,Meulaboh,ID,2021-10-21 19:08:13,4.1363,96.1285,76.75,88,97,2.42
61,Codrington,AU,2021-10-21 19:11:26,-38.2667,141.9667,51.49,96,83,1.66
62,Muravlenko,RU,2021-10-21 19:11:26,63.7898,74.523,26.8,98,56,6.73
63,Bambous Virieux,MU,2021-10-21 19:06:40,-20.3428,57.7575,74.21,82,12,9.78
64,Carnarvon,AU,2021-10-21 19:11:27,-24.8667,113.6333,64.47,77,40,14.97
65,Thinadhoo,MV,2021-10-21 19:11:27,0.5333,72.9333,82.81,71,31,10.27
66,Roebourne,AU,2021-10-21 19:11:28,-20.7833,117.1333,75.76,55,0,3.69
67,Estelle,US,2021-10-21 19:11:28,29.8458,-90.1067,89.6,67,75,5.75
68,Vao,NC,2021-10-21 19:11:29,-22.6667,167.4833,70.79,83,100,11.52
69,Kodiak,US,2021-10-21 19:09:39,57.79,-152.4072,38.71,81,90,5.75
70,Constitucion,CL,2021-10-21 19:11:29,-35.3333,-72.4167,60.85,71,100,18.23
71,Atuona,PF,2021-10-21 19:11:30,-9.8,-139.0333,78.26,77,8,21.54
72,Oranjemund,NA,2021-10-21 19:11:30,-28.55,16.4333,58.35,82,0,8.7
73,Ulladulla,AU,2021-10-21 19:11:31,-35.35,150.4667,57.87,92,72,1.77
74,Quatre Cocos,MU,2021-10-21 19:11:31,-20.2078,57.7625,74.08,82,23,9.26
75,Mount Isa,AU,2021-10-21 19:11:32,-20.7333,139.5,67.77,73,0,0.0
76,Thompson,CA,2021-10-21 19:11:32,55.7435,-97.8558,34.12,71,100,5.66
77,Upernavik,GL,2021-10-21 19:08:17,72.7868,-56.1549,19.06,85,92,8.14
78,Guerrero Negro,MX,2021-10-21 19:11:32,27.9769,-114.0611,74.5,62,2,9.46
79,Leningradskiy,RU,2021-10-21 19:11:33,69.3833,178.4167,15.8,90,100,17.38
80,Cherskiy,RU,2021-10-21 19:11:33,68.75,161.3,5.2,97,100,5.23
81,Jamestown,US,2021-10-21 19:11:34,42.097,-79.2353,70.09,80,90,5.99
82,Lebu,CL,2021-10-21 19:11:34,-37.6167,-73.65,54.19,65,3,18.07
83,Zhanaozen,KZ,2021-10-21 19:08:00,43.3,52.8,43.38,68,20,7.94
84,Port Elizabeth,ZA,2021-10-21 19:09:39,-33.918,25.5701,67.1,81,100,15.57
85,Yerbogachen,RU,2021-10-21 19:11:35,61.2767,108.0108,33.15,92,100,7.67
86,La Plata,AR,2021-10-21 19:11:35,-34.9215,-57.9545,82.31,44,0,6.93
87,Tecoanapa,MX,2021-10-21 19:11:36,16.5167,-98.75,85.46,66,33,8.66
88,Hilo,US,2021-10-21 19:11:36,19.7297,-155.09,79.25,69,1,3.44
89,Kerema,PG,2021-10-21 19:11:37,-7.9631,145.7785,76.5,90,75,2.59
90,Hithadhoo,MV,2021-10-21 19:11:37,-0.6,73.0833,80.65,78,100,8.97
91,Acapulco,MX,2021-10-21 19:11:38,16.8634,-99.8901,87.62,70,90,3.44
92,Mashhad,IR,2021-10-21 19:07:00,36.297,59.6062,44.74,76,90,9.22
93,Mian Channun,PK,2021-10-21 19:11:38,30.44,72.3543,74.82,26,3,7.25
94,Brigantine,US,2021-10-21 19:11:39,39.4101,-74.3646,81.03,62,1,12.66
95,Dankov,RU,2021-10-21 19:11:39,53.2515,39.1555,51.35,64,100,18.92
96,Santana Do Acarau,BR,2021-10-21 19:11:39,-3.4606,-40.2122,89.37,45,100,10.09
97,Talnakh,RU,2021-10-21 19:11:40,69.4865,88.3972,24.33,97,100,3.44
98,Airai,TL,2021-10-21 19:11:40,-8.9266,125.4092,64.33,61,73,2.15
99,Kulhudhuffushi,MV,2021-10-21 19:11:41,6.6221,73.07,80.69,80,80,8.28
100,Cape Town,ZA,2021-10-21 19:09:39,-33.9258,18.4232,64.09,59,100,10.0
101,Umm Kaddadah,SD,2021-10-21 19:11:41,13.6017,26.6876,87.82,20,100,15.46
102,Kieta,PG,2021-10-21 19:11:42,-6.2167,155.6333,77.83,84,50,2.8
103,Yelizovo,RU,2021-10-21 19:11:42,53.1873,158.3805,17.74,67,0,8.95
104,Ketchikan,US,2021-10-21 19:11:43,55.3422,-131.6461,55.87,62,90,17.27
105,Port Hedland,AU,2021-10-21 19:11:43,-20.3167,118.5667,64.45,82,0,5.75
106,Banjarmasin,ID,2021-10-21 19:11:44,-3.3244,114.591,75.92,91,100,2.59
107,Nanortalik,GL,2021-10-21 19:11:44,60.1432,-45.2371,41.4,41,100,7.61
108,Henties Bay,NA,2021-10-21 19:11:44,-22.116,14.2845,60.85,90,0,2.86
109,Haines Junction,CA,2021-10-21 19:11:45,60.7522,-137.5108,35.87,88,100,4.29
110,East London,ZA,2021-10-21 19:11:45,-33.0153,27.9116,71.38,77,100,15.05
111,Port Hardy,CA,2021-10-21 19:11:46,50.6996,-127.4199,50.74,90,100,35.41
112,Dikson,RU,2021-10-21 19:11:46,73.5069,80.5464,23.43,71,100,10.29
113,Santa Rosa,PH,2021-10-21 19:11:46,14.3122,121.1114,78.1,86,93,4.14
114,Tuktoyaktuk,CA,2021-10-21 19:11:45,69.4541,-133.0374,28.13,87,100,7.72
115,Hurghada,EG,2021-10-21 19:10:56,27.2574,33.8129,75.78,46,7,20.4
116,Yellowknife,CA,2021-10-21 19:11:47,62.456,-114.3525,45.28,82,4,18.01
117,San Jeronimo,PE,2021-10-21 19:11:47,-11.9472,-75.2829,71.44,29,86,7.7
118,Ponta Do Sol,PT,2021-10-21 19:11:48,32.6667,-17.1,72.23,47,3,6.2
119,Klaksvik,FO,2021-10-21 19:11:48,62.2266,-6.589,41.92,61,99,35.16
120,Kitimat,CA,2021-10-21 19:11:49,54.0524,-128.6534,45.91,27,100,1.01
121,Luderitz,NA,2021-10-21 19:11:49,-26.6481,15.1594,58.53,79,63,11.65
122,Boca Do Acre,BR,2021-10-21 19:11:49,-8.7522,-67.3978,87.6,58,100,3.06
123,Necochea,AR,2021-10-21 19:11:50,-38.5473,-58.7368,85.03,48,21,15.79
124,Tuatapere,NZ,2021-10-21 19:07:28,-46.1333,167.6833,42.08,84,5,3.47
125,La Baule-Escoublac,FR,2021-10-21 19:11:51,47.2922,-2.364,54.88,83,90,9.22
126,Ribeira Grande,PT,2021-10-21 19:11:51,38.5167,-28.7,70.2,73,40,8.05
127,Pisco,PE,2021-10-21 19:11:52,-13.7,-76.2167,68.05,68,0,6.91
128,Piracuruca,BR,2021-10-21 19:11:52,-3.9281,-41.7092,89.33,48,85,10.96
129,Esperance,AU,2021-10-21 19:11:53,-33.8667,121.9,55.24,83,32,12.95
130,Narsaq,GL,2021-10-21 19:11:53,60.9167,-46.05,37.8,36,100,3.2
131,Iqaluit,CA,2021-10-21 19:11:54,63.7506,-68.5145,32.7,80,100,4.0
132,Nizhnevartovsk,RU,2021-10-21 19:11:54,60.9344,76.5531,41.02,75,75,8.95
133,Acajutla,SV,2021-10-21 19:11:55,13.5928,-89.8275,84.2,71,35,7.92
134,Samarai,PG,2021-10-21 19:11:55,-10.6167,150.6667,80.35,75,71,9.62
135,Margate,GB,2021-10-21 19:11:56,51.3813,1.3862,48.69,61,12,4.0
136,Tessalit,ML,2021-10-21 19:07:46,20.1986,1.0114,85.1,17,0,7.63
137,Gushikawa,JP,2021-10-21 19:11:56,26.3544,127.8686,70.83,90,90,10.36
138,Iranshahr,IR,2021-10-21 19:11:56,27.2025,60.6848,79.07,27,0,6.04
139,Chokurdakh,RU,2021-10-21 19:11:57,70.6333,147.9167,-14.03,95,99,4.14
140,Bone,DE,2021-10-21 19:11:57,51.9669,12.1396,48.38,81,90,18.81
141,Torbay,CA,2021-10-21 19:11:58,47.6666,-52.7314,52.57,75,74,10.0
142,Victoria,HK,2021-10-21 19:07:28,22.2855,114.1577,67.32,84,100,4.0
143,Balakhninskiy,RU,2021-10-21 19:11:58,58.0106,114.2769,32.97,98,100,2.26
144,Eufaula,US,2021-10-21 19:09:01,31.8913,-85.1455,81.03,88,75,6.91
145,Tabas,IR,2021-10-21 19:11:59,33.5959,56.9244,62.15,39,0,12.08
146,Pasaco,GT,2021-10-21 19:11:59,13.9772,-90.2064,87.37,62,40,6.51
147,Ancud,CL,2021-10-21 19:12:00,-41.8697,-73.8203,51.33,61,52,9.64
148,Severo-Kurilsk,RU,2021-10-21 19:07:25,50.6789,156.125,36.72,71,87,8.01
149,Marawi,PH,2021-10-21 19:12:01,7.9986,124.2928,67.64,96,90,2.28
150,Palencia,ES,2021-10-21 19:12:01,42.4167,-4.5,56.79,70,70,13.29
151,San Cristobal,VE,2021-10-21 19:12:02,7.7669,-72.225,80.78,42,46,4.72
152,Caravelas,BR,2021-10-21 19:12:03,-17.7125,-39.2481,75.07,81,100,11.39
153,Hit,IQ,2021-10-21 19:12:03,33.6416,42.8251,72.34,29,0,11.07
154,Atasu,KZ,2021-10-21 19:07:24,48.6814,71.6433,35.04,81,79,14.2
155,Plymouth,US,2021-10-21 19:12:04,41.8334,-70.8328,77.22,63,1,1.01
156,Aksarka,RU,2021-10-21 19:12:04,66.5606,67.7975,27.64,86,100,5.41
157,Hofn,IS,2021-10-21 19:12:04,64.2539,-15.2082,34.63,63,0,16.11
158,Anito,PH,2021-10-21 19:12:05,12.4497,125.2886,78.82,89,92,7.0
159,Bolivar,US,2021-10-21 19:12:05,37.6145,-93.4105,64.08,61,5,13.96
160,Hulan,CN,2021-10-21 19:12:06,45.9833,126.6,35.85,54,68,6.4
161,Tasiilaq,GL,2021-10-21 19:12:06,65.6145,-37.6368,27.1,75,7,7.83
162,Alghero,IT,2021-10-21 19:12:06,40.5589,8.3181,66.29,100,40,3.44
163,Barrow,US,2021-10-21 19:12:07,71.2906,-156.7887,26.62,86,90,14.97
164,Qaanaaq,GL,2021-10-21 19:11:34,77.484,-69.3632,1.33,77,50,7.45
165,Pangody,RU,2021-10-21 19:12:07,65.85,74.4859,27.21,81,100,2.06
166,Lavrentiya,RU,2021-10-21 19:12:08,65.5833,-171.0,22.69,92,71,3.24
167,Souillac,MU,2021-10-21 19:11:36,-20.5167,57.5167,74.35,82,1,7.81
168,Porbandar,IN,2021-10-21 19:12:08,21.6422,69.6093,79.25,61,0,9.53
169,Aklavik,CA,2021-10-21 19:12:09,68.2191,-135.0107,25.81,84,100,9.35
170,Bria,CF,2021-10-21 19:12:09,6.5423,21.9863,71.26,87,100,2.04
171,Kavieng,PG,2021-10-21 19:12:10,-2.5744,150.7967,80.13,81,100,10.07
172,Dunedin,NZ,2021-10-21 19:12:10,-45.8742,170.5036,51.8,79,71,8.01
173,Lorengau,PG,2021-10-21 19:12:11,-2.0226,147.2712,79.61,81,99,4.54
174,Vostok,RU,2021-10-21 19:12:11,46.4856,135.8833,20.39,86,82,5.01
175,Tyazhinskiy,RU,2021-10-21 19:12:11,56.116,88.524,46.74,48,100,5.57
176,Jimeta,NG,2021-10-21 19:12:12,9.2833,12.4667,81.59,66,24,3.33
177,Presidente Epitacio,BR,2021-10-21 19:12:12,-21.7633,-52.1156,84.69,35,0,4.45
178,Olinda,BR,2021-10-21 19:12:13,-8.0089,-34.8553,83.93,70,40,12.66
179,Carballo,ES,2021-10-21 19:12:13,43.213,-8.691,58.87,90,37,0.78
180,Whitehorse,CA,2021-10-21 19:08:56,60.7161,-135.0538,42.03,80,89,13.0
181,Kununurra,AU,2021-10-21 19:12:14,-15.7667,128.7333,82.38,89,42,4.61
182,Wanning,CN,2021-10-21 19:12:14,18.8003,110.3967,75.38,93,61,8.12
183,Dakar,SN,2021-10-21 19:12:15,14.6937,-17.4441,86.88,76,43,8.1
184,Mercedes,AR,2021-10-21 19:12:15,-34.6515,-59.4307,88.18,26,13,6.93
185,Amapa,BR,2021-10-21 19:12:16,1.0,-52.0,85.93,54,100,4.72
186,Lasa,IT,2021-10-21 19:12:16,46.6166,10.7002,52.63,84,99,2.95
187,Sinjai,ID,2021-10-21 19:12:17,-5.1241,120.253,75.56,73,27,3.96
188,Chicla,PE,2021-10-21 19:12:17,-11.705,-76.2686,57.79,42,69,2.3
189,Lagunas,PE,2021-10-21 19:12:18,-5.2269,-75.6753,94.93,40,77,4.41
190,Waipawa,NZ,2021-10-21 19:12:18,-41.4122,175.5153,50.04,73,100,5.26
191,Saurimo,AO,2021-10-21 19:12:18,-9.6608,20.3916,68.54,90,100,3.78
192,Moyo,UG,2021-10-21 19:12:19,3.6609,31.7247,68.2,89,92,3.18
193,Vila Franca Do Campo,PT,2021-10-21 19:12:19,37.7167,-25.4333,68.41,72,93,3.44
194,Olafsvik,IS,2021-10-21 19:12:20,64.8945,-23.7142,40.73,51,85,15.5
195,Dhemaji,IN,2021-10-21 19:12:20,27.4833,94.5833,69.89,99,59,5.82
196,Naples,IT,2021-10-21 19:12:20,40.8333,14.25,68.61,88,40,1.99
197,Dogondoutchi,NE,2021-10-21 19:12:21,13.6393,4.0287,94.17,29,67,4.32
198,Tall Kayf,TR,2021-10-21 19:12:21,37.0833,41.0667,67.05,27,0,5.48
199,Manokwari,ID,2021-10-21 19:12:22,-0.8667,134.0833,77.04,81,100,4.54
200,High Rock,BS,2021-10-21 19:12:22,26.6208,-78.2833,84.22,64,100,14.12
201,Albania,AL,2021-10-21 19:12:23,41.0,20.0,58.39,66,66,3.69
202,Leshukonskoye,RU,2021-10-21 19:12:23,64.8989,45.7622,29.73,97,94,3.51
203,Aykhal,RU,2021-10-21 19:12:23,66.0,111.5,17.02,91,60,6.35
204,Nhulunbuy,AU,2021-10-21 19:12:24,-12.2333,136.7667,79.41,89,94,6.91
205,Hasaki,JP,2021-10-21 19:12:24,35.7333,140.8333,54.0,69,100,14.5
206,Banda Aceh,ID,2021-10-21 19:12:24,5.5577,95.3222,79.14,80,97,2.95
207,Portland,US,2021-10-21 19:12:25,45.5234,-122.6762,69.08,58,75,1.99
208,Santa Rosalia,MX,2021-10-21 19:12:25,27.3167,-112.2833,79.75,49,0,8.7
209,Peniche,PT,2021-10-21 19:12:26,39.3558,-9.3811,64.62,78,60,20.04
210,Humberto De Campos,BR,2021-10-21 19:12:26,-2.5983,-43.4611,86.79,56,91,9.37
211,Mapiripan,CO,2021-10-21 19:12:26,2.8892,-72.1256,83.95,75,69,5.03
212,Hervey Bay,AU,2021-10-21 19:12:27,-25.2986,152.8535,75.04,76,8,9.19
213,Arraial Do Cabo,BR,2021-10-21 19:12:27,-22.9661,-42.0278,69.66,64,75,9.22
214,Nalut,LY,2021-10-21 19:12:28,30.3333,10.85,72.1,42,9,13.62
215,Tubuala,PA,2021-10-21 19:12:28,9.5167,-79.0333,87.91,73,100,5.32
216,Vysokogornyy,RU,2021-10-21 19:12:28,50.1167,139.15,22.66,96,100,2.28
217,Padang,ID,2021-10-21 19:12:29,-0.9492,100.3543,77.2,87,100,3.13
218,Grand Haven,US,2021-10-21 19:09:33,43.0631,-86.2284,57.99,82,90,1.01
219,Zarubino,RU,2021-10-21 19:12:29,42.63,131.0922,41.0,57,9,9.31
220,Norman Wells,CA,2021-10-21 19:12:30,65.282,-126.8329,34.48,76,24,5.28
221,Loandjili,CG,2021-10-21 19:12:30,-4.7561,11.8578,77.43,85,46,9.31
222,Dori,BF,2021-10-21 19:12:31,14.0354,-0.0345,95.32,26,91,4.83
223,Port Washington,US,2021-10-21 19:12:31,40.8257,-73.6982,79.0,53,40,5.99
224,Braniewo,PL,2021-10-21 19:12:31,54.3797,19.8196,51.96,73,33,26.49
225,Longyearbyen,SJ,2021-10-21 19:12:32,78.2186,15.6401,15.33,69,100,2.75
226,Itaituba,BR,2021-10-21 19:12:32,-4.2761,-55.9836,79.92,87,100,2.04
227,Axim,GH,2021-10-21 19:12:33,4.8699,-2.2405,78.66,85,100,6.64
228,Kamenka,RU,2021-10-21 19:12:33,51.3223,42.7678,53.1,63,100,18.63
229,Hopelchen,MX,2021-10-21 19:12:33,19.7667,-89.85,87.08,91,100,3.51
230,Tual,ID,2021-10-21 19:12:34,-5.6667,132.75,82.2,74,71,6.51
231,Trairi,BR,2021-10-21 19:10:55,-3.2778,-39.2689,84.07,63,100,11.45
232,Goderich,CA,2021-10-21 19:12:34,43.7501,-81.7165,63.91,90,100,17.76
233,Anadyr,RU,2021-10-21 19:12:25,64.75,177.4833,14.04,94,95,7.96
234,Hamilton,US,2021-10-21 19:12:35,39.1834,-84.5333,74.03,60,20,1.01
235,Mehamn,NO,2021-10-21 19:12:36,71.0357,27.8492,35.78,77,100,28.66
236,Quelimane,MZ,2021-10-21 19:12:36,-17.8786,36.8883,71.71,69,7,7.23
237,San Vicente,AR,2021-10-21 19:12:36,-26.6167,-54.1333,78.94,32,66,3.31
238,Semirom,IR,2021-10-21 19:12:37,31.4167,51.5667,43.68,63,4,5.95
239,San Patricio,US,2021-10-21 19:12:37,28.017,-97.5169,88.02,50,10,5.84
240,Rio Brilhante,BR,2021-10-21 19:12:38,-21.8019,-54.5464,86.2,37,6,3.42
241,Te Anau,NZ,2021-10-21 19:12:38,-45.4167,167.7167,41.27,92,46,0.51
242,Tame,CO,2021-10-21 19:12:38,6.461,-71.73,89.74,48,43,5.88
243,Boueni,YT,2021-10-21 19:12:39,-12.9025,45.0761,78.78,80,2,11.48
244,Inhambane,MZ,2021-10-21 19:12:39,-23.865,35.3833,71.58,73,20,8.05
245,California City,US,2021-10-21 19:09:16,35.1258,-117.9859,77.34,18,1,1.99
246,Le Port,RE,2021-10-21 19:12:39,-20.9373,55.2919,71.62,76,0,5.21
247,Yenagoa,NG,2021-10-21 19:12:40,4.9247,6.2642,76.93,91,100,6.22
248,Kimbe,PG,2021-10-21 19:12:40,-5.5502,150.1429,74.61,94,100,4.52
249,Benguela,AO,2021-10-21 19:12:41,-12.5763,13.4055,75.97,78,1,5.99
250,Ostrovnoy,RU,2021-10-21 19:12:41,68.0531,39.5131,33.71,80,100,17.2
251,Waitara,NZ,2021-10-21 19:12:42,-38.925,174.25,55.0,78,100,9.31
252,Turukhansk,RU,2021-10-21 19:12:42,65.8167,87.9833,36.45,89,100,14.63
253,Sao Jose Da Coroa Grande,BR,2021-10-21 19:12:43,-8.8978,-35.1478,81.48,76,24,14.88
254,Asau,RO,2021-10-21 19:12:43,46.4333,26.4,59.92,51,62,8.77
255,Shagonar,RU,2021-10-21 19:12:43,51.5333,92.8,36.95,62,69,1.16
256,Harper,LR,2021-10-21 19:12:02,4.375,-7.7169,77.94,86,96,8.41
257,Flinders,AU,2021-10-21 19:12:44,-34.5833,150.8552,61.21,88,71,2.8
258,Fort Collins,US,2021-10-21 19:12:44,40.5853,-105.0844,69.39,36,1,3.0
259,Miraflores,MX,2021-10-21 19:12:45,19.2167,-98.8083,71.02,61,100,3.47
260,Severnyy,RU,2021-10-21 19:12:45,50.677,36.5532,53.64,71,60,15.66
261,Yulara,AU,2021-10-21 19:11:44,-25.2406,130.9889,67.84,24,0,9.22
262,Starosubkhangulovo,RU,2021-10-21 19:12:46,53.1031,57.4423,32.86,96,100,14.41
263,Madras,IN,2021-10-21 19:11:50,13.0878,80.2785,85.98,74,40,6.91
264,Erzin,TR,2021-10-21 19:12:46,36.9559,36.2,59.72,33,0,4.09
265,Kabanjahe,ID,2021-10-21 19:12:47,3.1001,98.4908,63.88,95,100,2.3
266,Aginskoye,RU,2021-10-21 19:12:47,51.1,114.53,29.77,79,0,2.98
267,Cabo San Lucas,MX,2021-10-21 19:12:47,22.8909,-109.9124,88.61,70,40,4.0
268,Zhigansk,RU,2021-10-21 19:12:48,66.7697,123.3711,29.19,82,61,20.29
269,Palpa,PE,2021-10-21 19:12:48,-14.5336,-75.1856,85.89,29,3,12.95
270,Pevek,RU,2021-10-21 19:12:48,69.7008,170.3133,12.92,90,100,14.2
271,Vardo,NO,2021-10-21 19:12:49,70.3705,31.1107,35.58,87,90,31.07
272,Sinjar,IQ,2021-10-21 19:12:50,36.3209,41.8754,68.4,25,0,4.7
273,Shumskiy,RU,2021-10-21 19:12:50,54.8318,99.1328,35.91,67,66,3.44
274,Srandakan,ID,2021-10-21 19:12:51,-7.9386,110.2506,62.73,87,100,6.06
275,Tinos,GR,2021-10-21 19:12:51,37.5375,25.1634,65.82,63,0,0.0
276,Alugan,PH,2021-10-21 19:12:52,12.2188,125.4808,80.46,84,98,8.01
277,Dali,CN,2021-10-21 19:12:52,25.7,100.1833,57.4,99,100,1.74
278,Vilyuysk,RU,2021-10-21 19:12:52,63.7553,121.6247,35.73,89,66,10.83
279,Hambantota,LK,2021-10-21 19:11:53,6.1241,81.1185,79.32,85,44,11.39
280,Eureka,US,2021-10-21 19:12:53,40.8021,-124.1637,74.01,68,100,16.37
281,Geraldton,AU,2021-10-21 19:12:53,-28.7667,114.6,57.61,94,90,4.61
282,Fukue,JP,2021-10-21 19:12:54,32.6881,128.8419,64.8,59,100,18.77
283,Bac Lieu,VN,2021-10-21 19:12:54,9.285,105.7244,79.23,83,100,1.32
284,Natal,BR,2021-10-21 19:08:14,-5.795,-35.2094,86.65,66,20,16.11
285,Avera,US,2021-10-21 19:12:55,33.194,-82.5271,80.47,47,33,8.99
286,Sao Joao Da Barra,BR,2021-10-21 19:12:55,-21.6403,-41.0511,69.89,75,78,8.95
287,Macomb,US,2021-10-21 19:08:23,40.4592,-90.6718,53.51,76,90,20.71
288,Hualmay,PE,2021-10-21 19:12:56,-11.0964,-77.6139,68.58,70,24,9.71
289,Chuy,UY,2021-10-21 19:12:56,-33.6971,-53.4616,66.09,59,12,9.33
290,North Platte,US,2021-10-21 19:08:12,41.1239,-100.7654,57.99,51,1,1.01
291,Marsa Matruh,EG,2021-10-21 19:12:57,31.3525,27.2453,68.9,63,0,5.93
292,Tilichiki,RU,2021-10-21 19:12:57,60.4667,166.1,2.34,93,54,5.97
293,Lima,PE,2021-10-21 19:08:06,-12.0432,-77.0282,67.14,72,40,12.66
294,Araguacu,BR,2021-10-21 19:12:58,-12.9306,-49.8264,92.73,39,98,4.14
295,Port Blair,IN,2021-10-21 19:12:08,11.6667,92.75,80.19,83,100,1.48
296,Maraba,BR,2021-10-21 19:12:58,-5.3686,-49.1178,95.18,46,20,5.75
297,Coihaique,CL,2021-10-21 19:12:59,-45.5752,-72.0662,57.81,43,40,9.22
298,Auki,SB,2021-10-21 19:12:59,-8.7676,160.7034,76.91,88,100,5.64
299,Yamada,JP,2021-10-21 19:13:00,39.4667,141.95,43.02,78,7,5.75
300,Keffi,NG,2021-10-21 19:13:00,8.8486,7.8736,77.9,80,71,1.9
301,Tamandare,BR,2021-10-21 19:13:01,-8.7597,-35.1047,81.81,74,17,13.96
302,Elizabeth City,US,2021-10-21 19:13:01,36.2946,-76.2511,81.03,49,1,10.0
303,Saint-Ambroise,CA,2021-10-21 19:13:02,48.5501,-71.3324,49.59,78,100,2.8
304,Riyadh,SA,2021-10-21 19:12:28,24.6877,46.7219,78.94,28,0,9.93
305,Fare,PF,2021-10-21 19:13:03,-16.7,-151.0167,78.49,75,30,8.81
306,Rio Gallegos,AR,2021-10-21 19:13:03,-51.6226,-69.2181,59.05,25,20,32.21
307,Korla,CN,2021-10-21 19:10:52,41.7597,86.1469,54.84,29,0,6.35
308,Pabrade,LT,2021-10-21 19:13:04,55.0,25.7833,55.83,70,100,23.24
309,Zhob,PK,2021-10-21 19:13:05,31.3411,69.4481,69.39,15,0,5.14
310,Limbuhan,PH,2021-10-21 19:13:05,11.8838,124.0501,81.79,81,98,13.27
311,Grindavik,IS,2021-10-21 19:13:05,63.8424,-22.4338,41.47,75,75,12.66
312,Sobolevo,RU,2021-10-21 19:13:06,54.4299,31.8996,53.69,62,90,17.78
313,Safaga,EG,2021-10-21 19:13:06,26.7292,33.9365,78.67,43,7,18.01
314,Grand Gaube,MU,2021-10-21 19:11:06,-20.0064,57.6608,74.37,76,18,4.0
315,Saint Peter,BB,2021-10-21 19:13:07,13.25,-59.6167,84.76,69,22,21.83
316,Lovozero,RU,2021-10-21 19:13:07,68.005,35.0117,24.15,98,94,6.42
317,Tomatlan,MX,2021-10-21 19:08:18,19.9333,-105.25,90.03,59,12,6.06
318,Palana,RU,2021-10-21 19:13:08,59.1167,159.9667,15.82,74,98,8.37
319,Batagay-Alyta,RU,2021-10-21 19:13:08,67.8006,130.4114,13.08,96,100,0.83
320,Clovis,US,2021-10-21 19:13:09,36.8252,-119.7029,85.48,33,75,1.01
321,Kodinsk,RU,2021-10-21 19:13:09,58.6881,99.1844,33.06,90,93,4.05
322,Namibe,AO,2021-10-21 19:13:09,-15.1961,12.1522,67.3,79,3,9.84
323,Sucre,BO,2021-10-21 19:09:30,-19.0333,-65.2627,72.73,28,85,13.51
324,La Ronge,CA,2021-10-21 19:13:10,55.1001,-105.2842,38.32,46,13,9.71
325,Coquimbo,CL,2021-10-21 19:10:24,-29.9533,-71.3436,62.33,72,20,13.8
326,Husavik,IS,2021-10-21 19:13:11,66.0449,-17.3389,33.84,68,100,14.47
327,Nagpur,IN,2021-10-21 19:13:11,21.15,79.1,68.27,60,0,4.38
328,Mitchell,US,2021-10-21 19:13:12,43.7094,-98.0298,46.38,64,1,1.01
329,Diego De Almagro,CL,2021-10-21 19:13:12,-26.3667,-70.05,79.66,10,0,13.73
330,Nome,US,2021-10-21 19:13:12,64.5011,-165.4064,33.87,70,90,8.05
331,Formosa,AR,2021-10-21 19:13:13,-26.1775,-58.1781,85.98,30,0,5.75
332,Hami,CN,2021-10-21 19:13:13,42.8,93.45,57.06,21,0,6.17
333,Luba,GQ,2021-10-21 19:13:14,3.4568,8.5547,79.56,85,99,10.58
334,Qaqortoq,GL,2021-10-21 19:13:14,60.7167,-46.0333,39.25,36,100,5.12
335,Bosaso,SO,2021-10-21 19:13:14,11.2842,49.1816,81.43,47,6,3.18
336,Kavaratti,IN,2021-10-21 19:13:15,10.5669,72.642,81.81,78,100,10.07
337,Jacareacanga,BR,2021-10-21 19:12:11,-6.2222,-57.7528,89.2,53,100,1.79
338,Manjacaze,MZ,2021-10-21 19:13:15,-24.7117,33.8828,68.49,67,30,12.19
339,Kataysk,RU,2021-10-21 19:09:10,56.289,62.5841,28.27,87,100,8.79
340,Susanville,US,2021-10-21 19:13:16,40.4163,-120.653,61.83,81,98,1.01
341,Yeppoon,AU,2021-10-21 19:13:17,-23.1333,150.7333,73.18,90,3,6.51
342,Grajau,BR,2021-10-21 19:13:17,-5.8194,-46.1386,85.87,64,100,4.54
343,Orbetello,IT,2021-10-21 19:13:18,42.4408,11.2196,64.8,89,8,10.58
344,Berlevag,NO,2021-10-21 19:13:18,70.8578,29.0864,35.55,87,75,32.21
345,Taoudenni,ML,2021-10-21 19:13:18,22.6783,-3.9836,82.67,22,0,9.33
346,Constantine,DZ,2021-10-21 19:13:19,36.365,6.6147,66.11,31,100,1.99
347,Mutoko,ZW,2021-10-21 19:13:19,-17.397,32.2268,66.34,53,82,4.9
348,Salalah,OM,2021-10-21 19:13:20,17.0151,54.0924,80.69,69,75,4.61
349,Port Lincoln,AU,2021-10-21 19:11:25,-34.7333,135.8667,57.56,87,53,6.42
350,Karoi,ZW,2021-10-21 19:13:20,-16.8099,29.6925,65.55,67,100,6.51
351,Ilulissat,GL,2021-10-21 19:09:42,69.2167,-51.1,30.22,80,75,13.8
352,Talakan,RU,2021-10-21 19:13:21,50.3167,130.3667,24.21,98,25,1.54
353,Bathsheba,BB,2021-10-21 19:13:21,13.2167,-59.5167,86.61,70,40,25.32
354,Huangchuan,CN,2021-10-21 19:13:22,32.1272,115.0394,53.11,79,100,1.66
355,Praia Da Vitoria,PT,2021-10-21 19:13:22,38.7333,-27.0667,71.76,74,100,6.06
356,Ambilobe,MG,2021-10-21 19:13:23,-13.2,49.05,73.51,85,49,0.65
357,Broken Hill,AU,2021-10-21 19:13:17,-31.95,141.4333,61.21,59,0,10.29
358,Birao,CF,2021-10-21 19:13:23,10.2849,22.7882,76.23,72,100,4.29
359,El Dorado,US,2021-10-21 19:13:24,38.7666,-120.5177,68.31,99,100,3.22
360,Teguise,ES,2021-10-21 19:13:24,29.0605,-13.564,70.02,73,20,19.57
361,Muroto,JP,2021-10-21 19:13:24,33.2833,134.15,59.22,82,100,16.02
362,Port Macquarie,AU,2021-10-21 19:13:04,-31.4333,152.9167,57.09,100,90,3.44
363,Xinxiang,CN,2021-10-21 19:10:08,35.3089,113.8672,52.45,73,5,1.05
364,Macamic,CA,2021-10-21 19:13:25,48.7502,-78.9996,35.83,63,100,4.34
365,Faya,SA,2021-10-21 19:13:26,18.3851,42.4509,64.92,23,10,9.01
366,Baruun-Urt,MN,2021-10-21 19:13:26,46.6806,113.2792,31.17,61,0,5.28
367,Palmer,US,2021-10-21 19:13:26,42.1584,-72.3287,76.32,46,27,5.01
368,Muskogee,US,2021-10-21 19:13:27,35.5834,-95.3336,71.02,43,12,8.66
369,Raudeberg,NO,2021-10-21 19:13:27,61.9875,5.1352,41.2,85,100,7.0
370,Joutseno,FI,2021-10-21 19:13:28,61.118,28.5076,48.25,91,100,10.78
371,Taltal,CL,2021-10-21 19:13:28,-25.4,-70.4833,63.63,63,22,6.85
372,Shipitsyno,RU,2021-10-21 19:13:29,61.2806,46.5208,45.48,96,100,9.08
373,Mineiros,BR,2021-10-21 19:13:29,-17.5694,-52.5511,80.17,57,87,5.48
374,Mukhen,RU,2021-10-21 19:13:29,48.1,136.1,31.26,69,100,5.28
375,Westport,US,2021-10-21 19:13:30,41.1415,-73.3579,77.2,52,1,1.01
376,Paita,PE,2021-10-21 19:13:30,-5.0892,-81.1144,77.56,72,27,15.95
377,Srednekolymsk,RU,2021-10-21 19:13:31,67.45,153.6833,-12.01,100,85,1.97
378,Agirish,RU,2021-10-21 19:13:31,61.9247,63.0231,29.44,71,100,8.52
379,Saint-Pierre,RE,2021-10-21 19:13:32,-21.3393,55.4781,71.29,72,40,5.75
380,Komsomolskiy,UZ,2021-10-21 19:13:21,40.4272,71.7189,54.32,50,100,6.91
381,Moses Lake,US,2021-10-21 19:11:59,47.1301,-119.2781,61.16,51,1,3.44
382,Sinnamary,GF,2021-10-21 19:13:32,5.3833,-52.95,80.55,83,98,11.18
383,Ibotirama,BR,2021-10-21 19:13:33,-12.1853,-43.2206,84.74,50,98,1.81
384,Namatanai,PG,2021-10-21 19:13:18,-3.6667,152.4333,78.39,84,81,5.64
385,Oda,JP,2021-10-21 19:13:33,35.1833,132.5,54.64,73,100,5.5
386,Tautira,PF,2021-10-21 19:13:34,-17.7333,-149.15,82.42,77,5,9.89
387,Ginda,IN,2021-10-21 19:13:34,30.6945,78.4932,55.89,55,0,6.06
388,Kiama,AU,2021-10-21 19:13:35,-34.6833,150.8667,61.0,93,84,1.01
389,Iquique,CL,2021-10-21 19:12:53,-20.2208,-70.1431,62.64,67,33,9.08
390,Arman,RU,2021-10-21 19:13:35,59.7,150.1667,13.1,44,19,6.55
391,Chapais,CA,2021-10-21 19:13:36,49.7834,-74.8492,39.7,70,100,5.03
392,Berkak,NO,2021-10-21 19:13:36,62.825,10.0118,34.43,93,100,33.93
393,Ambon,ID,2021-10-21 19:13:37,-3.6954,128.1814,77.14,88,20,4.61
394,Shibetsu,JP,2021-10-21 19:13:37,43.659,145.132,45.32,89,100,5.95
395,Puerto Escondido,MX,2021-10-21 19:13:37,15.85,-97.0667,86.83,66,75,5.75
396,Levokumka,RU,2021-10-21 19:13:38,44.2317,43.15,43.05,61,0,2.24
397,Gainesville,US,2021-10-21 19:10:49,29.6516,-82.3248,86.79,48,20,3.44
398,Bonthe,SL,2021-10-21 19:13:38,7.5264,-12.505,80.04,80,100,8.52
399,Christchurch,NZ,2021-10-21 19:13:14,-43.5333,172.6333,52.0,84,0,3.44
400,Usak,TR,2021-10-21 19:13:39,38.5,29.4167,56.14,41,0,3.06
401,Yekepa,LR,2021-10-21 19:13:40,7.5753,-8.5419,72.0,94,100,3.38
402,Elat,IL,2021-10-21 19:13:40,29.5581,34.9482,74.01,60,0,10.78
403,Paris,FR,2021-10-21 19:11:15,48.8534,2.3488,48.15,86,20,4.61
404,Boundiali,CI,2021-10-21 19:13:40,9.5217,-6.4869,75.34,85,99,3.36
405,Lao Cai,VN,2021-10-21 19:13:41,22.4833,103.95,64.13,99,100,0.98
406,Karratha,AU,2021-10-21 19:13:41,-20.7377,116.8463,76.01,55,0,4.56
407,Guiberoua,CI,2021-10-21 19:13:42,6.2392,-6.1727,73.4,99,100,3.53
408,Moche,PE,2021-10-21 19:13:42,-8.1711,-79.0092,64.58,77,75,12.66
409,Nova Odesa,UA,2021-10-21 19:13:42,47.3078,31.7851,54.0,84,13,19.73
410,Tran,BG,2021-10-21 19:13:43,42.8353,22.6517,55.45,75,6,3.58
411,Petrovskoye,RU,2021-10-21 19:13:43,57.0104,39.2693,50.61,90,100,13.04
412,Kudeyevskiy,RU,2021-10-21 19:13:44,54.8758,56.7567,31.23,97,100,15.41
413,Alofi,NU,2021-10-21 19:13:44,-19.0595,-169.9187,76.89,69,40,14.97
414,Lenoir City,US,2021-10-21 19:13:45,35.7973,-84.256,72.45,87,89,1.01
415,Nioro,GM,2021-10-21 19:13:45,13.35,-15.75,85.86,57,100,3.76
416,Evensk,RU,2021-10-21 19:13:46,61.95,159.2333,4.51,75,8,8.79
417,Beloha,MG,2021-10-21 19:13:46,-25.1667,45.05,62.85,78,0,5.7
418,Kampene,CD,2021-10-21 19:13:46,-3.6,26.6667,68.5,99,100,2.57
419,Kaeo,NZ,2021-10-21 19:11:41,-35.1,173.7833,63.32,97,100,11.59
420,Pointe Michel,DM,2021-10-21 19:13:47,15.25,-61.3833,83.08,69,9,17.85
421,Bo Rai,TH,2021-10-21 19:13:47,12.5728,102.5371,80.85,97,100,0.96
422,Cayenne,GF,2021-10-21 19:13:48,4.9333,-52.3333,86.04,80,20,7.0
423,Shenandoah,US,2021-10-21 19:13:48,30.4013,-91.0009,87.94,68,47,1.01
424,Hovd,MN,2021-10-21 19:13:02,48.0056,91.6419,33.93,47,10,0.96
425,Gander,CA,2021-10-21 19:13:49,48.9682,-54.5906,42.17,93,99,11.99
426,Sept-Iles,CA,2021-10-21 19:13:49,50.2001,-66.3821,51.06,84,100,5.99
427,Atar,MR,2021-10-21 19:13:50,20.5169,-13.0499,85.06,14,0,11.39
428,Port Augusta,AU,2021-10-21 19:13:50,-32.5,137.7667,57.34,77,0,6.64
429,Manyana,BW,2021-10-21 19:11:19,-23.4,21.7167,67.91,65,98,7.25
430,Puerto Carreno,CO,2021-10-21 19:13:51,6.189,-67.4859,90.91,49,24,3.83
431,Lisakovsk,KZ,2021-10-21 19:13:51,52.5369,62.4936,33.75,63,100,12.39
432,San Matias,BO,2021-10-21 19:13:52,-16.3667,-58.4,100.98,25,63,3.06
433,Smirnykh,RU,2021-10-21 19:13:52,49.75,142.8333,22.28,83,50,3.47
434,Farafenni,GM,2021-10-21 19:13:52,13.5667,-15.6,86.94,53,91,2.33
435,Khonsa,IN,2021-10-21 19:13:53,27.0167,95.5667,62.91,98,15,2.64
436,Provideniya,RU,2021-10-21 19:13:10,64.3833,-173.3,20.55,86,25,6.71
437,Ubrique,ES,2021-10-21 19:13:53,36.6778,-5.446,70.2,51,0,1.63
438,Apatou,GF,2021-10-21 19:13:54,5.155,-54.3472,82.09,79,100,5.03
439,Pandrup,DK,2021-10-21 19:13:54,57.2215,9.6757,46.94,66,0,19.57
440,Clyde River,CA,2021-10-21 19:13:55,70.4692,-68.5914,21.56,84,99,3.31
441,Cullinan,ZA,2021-10-21 19:13:55,-25.6709,28.5236,69.82,25,99,6.91
442,Vila Velha,BR,2021-10-21 19:13:19,-20.3297,-40.2925,73.35,68,90,12.66
443,Zamora,EC,2021-10-21 19:13:56,-4.0692,-78.9567,85.46,52,91,4.7
444,Buraydah,SA,2021-10-21 19:13:56,26.326,43.975,73.02,33,0,12.12
445,Banjar,ID,2021-10-21 19:13:57,-8.19,114.9675,80.46,90,77,4.56
446,Touros,BR,2021-10-21 19:13:57,-5.1989,-35.4608,86.9,66,100,11.3
447,Morant Bay,JM,2021-10-21 19:13:58,17.8815,-76.4093,85.66,75,89,8.68
448,Consett,GB,2021-10-21 19:13:58,54.854,-1.8316,45.27,77,100,16.04
449,Rock Hill,US,2021-10-21 19:13:58,34.9249,-81.0251,81.36,51,40,14.97
450,Jardim,BR,2021-10-21 19:13:53,-21.4803,-56.1381,92.75,24,2,10.11
451,Bengkulu,ID,2021-10-21 19:13:59,-3.8004,102.2655,75.02,92,94,3.4
452,San Ignacio,BZ,2021-10-21 19:13:59,17.1561,-89.0714,76.73,96,100,1.68
453,Baiyin,CN,2021-10-21 19:14:00,36.5583,104.2081,43.7,53,12,3.22
454,Ejea De Los Caballeros,ES,2021-10-21 19:14:00,42.1263,-1.1372,62.74,58,100,15.03
455,Laguna,US,2021-10-21 19:13:19,38.421,-121.4238,70.92,85,75,5.75
456,Namikupa,TZ,2021-10-21 19:14:01,-10.8333,39.6,70.84,90,52,4.32
457,Rawson,AR,2021-10-21 19:14:01,-43.3002,-65.1023,57.81,46,73,19.17
458,Ganzhou,CN,2021-10-21 19:14:02,28.8184,115.4327,52.2,90,100,4.29
459,Dubbo,AU,2021-10-21 19:11:14,-32.25,148.6167,53.73,94,9,11.5
460,Charyshskoye,RU,2021-10-21 19:14:03,51.3978,83.5598,46.31,60,100,6.85
461,Punta Gorda,US,2021-10-21 19:14:03,26.9298,-82.0454,89.65,49,40,1.99
462,Lata,PT,2021-10-21 19:14:04,40.1629,-8.3327,59.05,80,0,5.14
463,Nurota,UZ,2021-10-21 19:14:04,40.5614,65.6886,39.29,47,32,4.45
464,Suntar,RU,2021-10-21 19:14:05,62.1444,117.6319,38.62,83,100,10.47
465,Kirakira,SB,2021-10-21 19:13:36,-10.4544,161.9205,79.65,85,100,7.07
466,Mangit,UZ,2021-10-21 19:14:05,40.5971,70.9607,51.08,63,100,24.09
467,Great Falls,US,2021-10-21 19:14:06,47.5002,-111.3008,61.99,40,20,13.0
468,Moussoro,TD,2021-10-21 19:14:06,13.6408,16.4901,90.73,35,100,6.58
469,Burnie,AU,2021-10-21 19:14:07,-41.0667,145.9167,57.94,92,100,12.73
470,Bubaque,GW,2021-10-21 19:14:07,11.2833,-15.8333,83.01,74,100,9.44
471,Guayaramerin,BO,2021-10-21 19:14:07,-10.8368,-65.3614,88.29,55,100,0.92
472,Erdenet,MN,2021-10-21 19:14:08,49.0333,104.0833,30.63,53,2,3.78
473,Kuusamo,FI,2021-10-21 19:14:08,65.9667,29.1833,28.44,93,90,8.05
474,San Juan,AR,2021-10-21 19:12:34,-31.5375,-68.5364,86.68,13,0,9.06
475,Cabra,ES,2021-10-21 19:14:09,37.4725,-4.4421,69.24,56,0,3.71
476,Mattru,SL,2021-10-21 19:14:09,7.6244,-11.8332,75.38,95,100,3.09
477,Namtsy,RU,2021-10-21 19:14:09,62.7161,129.6658,32.11,98,100,7.81
478,Agadez,NE,2021-10-21 19:14:10,19.75,10.25,85.17,14,0,7.58
479,Sisimiut,GL,2021-10-21 19:14:10,66.9395,-53.6735,29.16,82,30,12.5
480,Flagstaff,US,2021-10-21 19:13:18,35.1981,-111.6513,66.6,21,1,5.01
481,Verkh-Usugli,RU,2021-10-21 19:14:11,52.7,115.1667,24.6,91,16,2.95
482,Basiao,PH,2021-10-21 19:14:11,11.5486,122.6375,77.85,89,100,3.56
483,Bati,ET,2021-10-21 19:14:11,11.1833,40.0167,69.42,34,40,3.22
484,Pilar,BR,2021-10-21 19:14:12,-9.5972,-35.9567,85.93,62,58,15.12
485,Pauini,BR,2021-10-21 19:14:12,-7.7136,-66.9764,86.72,59,99,2.44
486,Mount Pleasant,US,2021-10-21 19:12:12,32.7941,-79.8626,82.06,61,75,1.99
487,Sur,OM,2021-10-21 19:14:13,22.5667,59.5289,79.92,65,2,11.23
488,Poso,ID,2021-10-21 19:14:13,-1.3959,120.7524,75.87,87,57,4.7
489,Nantucket,US,2021-10-21 19:13:19,41.2835,-70.0995,71.96,79,1,13.8
490,Khandyga,RU,2021-10-21 19:14:14,62.6667,135.6,16.43,94,100,7.09
491,Ulaangom,MN,2021-10-21 19:14:14,49.9811,92.0667,32.02,69,64,2.04
492,Rocha,UY,2021-10-21 19:14:15,-34.4833,-54.3333,68.77,55,4,8.1
493,Adrar,MR,2021-10-21 19:14:15,20.5022,-10.0711,77.72,10,12,10.25
494,Russell,US,2021-10-21 19:14:15,32.3502,-85.1999,77.97,60,90,0.0
495,Melipilla,CL,2021-10-21 19:10:06,-33.7,-71.2167,81.01,52,12,11.97
496,Hay River,CA,2021-10-21 19:14:16,60.8156,-115.7999,43.81,58,0,9.69
497,Mana,GF,2021-10-21 19:14:16,5.6592,-53.7767,79.39,86,100,9.57
498,Kanniyakumari,IN,2021-10-21 19:14:17,8.0833,77.5667,79.5,85,91,8.88
499,Buala,SB,2021-10-21 19:14:17,-8.145,159.5921,80.26,78,100,4.56
500,Tirlyanskiy,RU,2021-10-21 19:14:18,54.2109,58.5806,29.5,94,100,8.86
501,Saldanha,ZA,2021-10-21 19:14:18,-33.0117,17.9442,58.75,88,100,20.27
502,Boa Vista,BR,2021-10-21 19:14:19,2.8197,-60.6733,87.78,58,75,3.44
503,Kahului,US,2021-10-21 19:10:12,20.8947,-156.47,83.46,72,40,6.91
504,Kuching,MY,2021-10-21 19:14:19,1.55,110.3333,77.22,94,40,3.44
505,Bonnyville,CA,2021-10-21 19:09:52,54.2668,-110.735,40.89,42,0,9.15
506,Artyom,AZ,2021-10-21 19:14:20,40.4723,50.333,59.14,68,84,17.96
507,Shelburne,CA,2021-10-21 19:09:44,44.0787,-80.2041,61.12,84,100,15.37
508,Nanakuli,US,2021-10-21 19:14:21,21.3906,-158.1547,80.04,73,90,6.91
509,Madison Heights,US,2021-10-21 19:14:21,42.4859,-83.1052,66.9,62,90,16.11
510,Yuli,NG,2021-10-21 19:14:21,9.6989,10.2744,79.57,67,51,1.28
511,Sangar,RU,2021-10-21 19:14:22,63.9242,127.4739,20.97,94,100,7.81
512,Mesyagutovo,RU,2021-10-21 19:14:22,55.5303,58.2528,32.54,97,100,15.3
513,Okhotsk,RU,2021-10-21 19:14:23,59.3833,143.3,14.16,73,9,7.61
514,Mirnyy,RU,2021-10-21 19:14:23,62.5353,113.9611,34.14,90,94,9.69
515,Wenzhou,CN,2021-10-21 19:10:10,27.9994,120.6668,54.61,90,100,5.5
516,Xinyu,CN,2021-10-21 19:14:24,27.8043,114.9334,52.65,94,100,2.57
517,Fethiye,TR,2021-10-21 19:14:17,36.6217,29.1164,58.87,77,0,2.77
518,Nuuk,GL,2021-10-21 19:14:24,64.1835,-51.7216,30.81,86,20,17.27
519,Vestmannaeyjar,IS,2021-10-21 19:14:25,63.4427,-20.2734,42.66,69,64,7.61
520,Kumluca,TR,2021-10-21 19:14:25,36.3703,30.2869,67.87,59,0,5.17
521,Baranain,ES,2021-10-21 19:14:25,42.8057,-1.6773,56.64,71,75,10.36
522,Bereda,ES,2021-10-21 19:14:26,43.2686,-7.5406,53.35,92,10,2.51
523,Taraz,KZ,2021-10-21 19:14:26,42.9,71.3667,41.41,81,90,4.47
524,Omboue,GA,2021-10-21 19:14:27,-1.5746,9.2618,76.77,87,100,9.13
525,Charters Towers,AU,2021-10-21 19:14:27,-20.1,146.2667,71.13,91,6,6.49
526,Stawell,AU,2021-10-21 19:14:27,-37.05,142.7667,52.43,90,90,5.19
527,Nara,JP,2021-10-21 19:13:47,34.6851,135.8049,56.48,67,73,1.77
528,Kilindoni,TZ,2021-10-21 19:14:28,-7.9139,39.6668,77.83,76,7,12.73
529,Qasigiannguit,GL,2021-10-21 19:14:28,68.8193,-51.1922,30.45,97,65,3.87
530,Sao Sebastiao,BR,2021-10-21 19:14:29,-23.76,-45.4097,69.04,78,79,6.31
531,Luang Prabang,LA,2021-10-21 19:14:29,19.8856,102.1347,70.86,98,23,1.19
532,Tura,IN,2021-10-21 19:14:29,25.5198,90.2201,66.2,93,5,1.5
533,Pereleshino,RU,2021-10-21 19:14:30,51.7376,40.1388,56.98,61,100,20.33
534,Tooele,US,2021-10-21 19:14:30,40.5308,-112.2983,68.25,55,1,8.05
535,Manali,IN,2021-10-21 19:14:31,13.1667,80.2667,86.09,76,30,4.52
536,Ubinskoye,RU,2021-10-21 19:14:31,55.3068,79.6802,47.8,68,100,9.64
537,Saint-Georges,GD,2021-10-21 19:14:32,12.0564,-61.7485,83.88,79,20,23.02
538,Ibia,BR,2021-10-21 19:14:32,-19.4783,-46.5389,73.33,60,100,0.74
539,Aguada,PR,2021-10-21 19:14:33,18.3794,-67.1882,90.79,70,40,7.0
540,Waw,SS,2021-10-21 19:14:33,7.7029,27.9953,75.61,77,77,1.95
541,Tarauaca,BR,2021-10-21 19:14:33,-8.1614,-70.7656,87.44,57,100,2.55
542,Hanyang,CN,2021-10-21 19:14:34,32.1371,105.5126,54.39,82,100,0.92
543,Kloulklubed,PW,2021-10-21 19:14:34,7.0419,134.2556,82.09,70,19,5.19
544,Mampong,GH,2021-10-21 19:14:34,7.0627,-1.4001,72.97,93,97,2.15
545,Dongsheng,CN,2021-10-21 19:14:35,39.8161,109.9776,35.51,38,0,6.87
546,Buochs,CH,2021-10-21 19:14:35,46.974,8.4228,57.22,73,20,2.3
547,Terra Santa,BR,2021-10-21 19:14:36,-2.1042,-56.4869,87.73,60,100,4.16
548,Ratnapura,LK,2021-10-21 19:14:36,6.6828,80.3992,76.08,96,52,0.94
549,Orange Cove,US,2021-10-21 19:14:37,36.6244,-119.3137,81.5,23,90,3.18
550,Aksu,CN,2021-10-21 19:14:37,41.1231,80.2644,53.8,26,100,4.07
551,Pangnirtung,CA,2021-10-21 19:11:50,66.1451,-65.7125,32.16,67,64,5.3
552,Changping,CN,2021-10-21 19:14:38,40.2186,116.2197,45.97,43,0,7.0
553,Gorodishche,RU,2021-10-21 19:14:38,48.8045,44.4744,50.88,57,0,20.13
554,Zhigalovo,RU,2021-10-21 19:14:38,54.8097,105.1578,28.89,86,13,2.48
555,Itoman,JP,2021-10-21 19:13:09,26.1247,127.6694,71.62,86,75,12.66
556,Novoorsk,RU,2021-10-21 19:14:39,51.381,58.9813,33.58,93,100,16.06
557,Ust-Maya,RU,2021-10-21 19:14:39,60.4167,134.5333,22.55,97,100,4.0
558,Harsud,IN,2021-10-21 19:14:40,22.1,76.7333,70.3,58,0,3.44
559,Tromso,NO,2021-10-21 19:14:40,69.6496,18.957,35.62,55,75,3.0
560,Xiaoshi,CN,2021-10-21 19:14:41,41.2971,124.1209,38.25,67,47,0.89
561,Bitburg,DE,2021-10-21 19:14:41,49.9667,6.5333,43.3,66,80,6.33
562,Severo-Yeniseyskiy,RU,2021-10-21 19:14:42,60.3725,93.0408,32.72,83,68,5.46
563,Puerto Del Rosario,ES,2021-10-21 19:14:42,28.5004,-13.8627,73.15,83,75,17.27
564,Warwick,US,2021-10-21 19:12:02,41.7001,-71.4162,77.81,54,40,14.97
565,Bowen,AU,2021-10-21 19:14:43,-20.0167,148.2333,77.07,84,27,10.22
566,Abong Mbang,CM,2021-10-21 19:11:22,3.9833,13.1833,68.79,96,100,2.3
567,Huamachuco,PE,2021-10-21 19:14:44,-7.8,-78.0667,62.62,52,97,4.56
568,Magocs,HU,2021-10-21 19:14:44,46.35,18.2324,61.02,81,100,7.63
569,Amahai,ID,2021-10-21 19:14:45,-3.3333,128.9167,77.77,85,100,2.39
